PRAGMA foreign_keys = OFF;
DELETE FROM attendance;
DELETE FROM students WHERE student_id <> 'superuser';
INSERT INTO students (student_id, student_name, course, batch) VALUES ('AAI','Neti Teja','Ground','Mike') ON CONFLICT(student_id) DO UPDATE SET student_name=excluded.student_name, course=excluded.course, batch=excluded.batch;
INSERT INTO students (student_id, student_name, course, batch) VALUES ('AAI708','Bhuvan','Ground','Mike') ON CONFLICT(student_id) DO UPDATE SET student_name=excluded.student_name, course=excluded.course, batch=excluded.batch;
INSERT INTO students (student_id, student_name, course, batch) VALUES ('AAI692','Naveen. K','Ground','November') ON CONFLICT(student_id) DO UPDATE SET student_name=excluded.student_name, course=excluded.course, batch=excluded.batch;
INSERT INTO students (student_id, student_name, course, batch) VALUES ('AAI694','Nongrim Bashkem','Ground','November') ON CONFLICT(student_id) DO UPDATE SET student_name=excluded.student_name, course=excluded.course, batch=excluded.batch;
INSERT INTO students (student_id, student_name, course, batch) VALUES ('AAI693','Shaibalin Basaiawmoti','Ground','November') ON CONFLICT(student_id) DO UPDATE SET student_name=excluded.student_name, course=excluded.course, batch=excluded.batch;
INSERT INTO students (student_id, student_name, course, batch) VALUES ('AAI702','Madhurima','Ground','November') ON CONFLICT(student_id) DO UPDATE SET student_name=excluded.student_name, course=excluded.course, batch=excluded.batch;
INSERT INTO students (student_id, student_name, course, batch) VALUES ('AAI696','Jyoshna','Ground','November') ON CONFLICT(student_id) DO UPDATE SET student_name=excluded.student_name, course=excluded.course, batch=excluded.batch;
INSERT INTO students (student_id, student_name, course, batch) VALUES ('AAI700','Karan','Ground','November') ON CONFLICT(student_id) DO UPDATE SET student_name=excluded.student_name, course=excluded.course, batch=excluded.batch;
INSERT INTO students (student_id, student_name, course, batch) VALUES ('AAI690','Bhavitha','Ground','November') ON CONFLICT(student_id) DO UPDATE SET student_name=excluded.student_name, course=excluded.course, batch=excluded.batch;
INSERT INTO students (student_id, student_name, course, batch) VALUES ('AAI712','Soundarya','Ground','Oscar') ON CONFLICT(student_id) DO UPDATE SET student_name=excluded.student_name, course=excluded.course, batch=excluded.batch;
INSERT INTO students (student_id, student_name, course, batch) VALUES ('AAI710','Shaheena','Ground','Oscar') ON CONFLICT(student_id) DO UPDATE SET student_name=excluded.student_name, course=excluded.course, batch=excluded.batch;
INSERT INTO students (student_id, student_name, course, batch) VALUES ('AAI722','Bhanu Prakash','Ground','Oscar') ON CONFLICT(student_id) DO UPDATE SET student_name=excluded.student_name, course=excluded.course, batch=excluded.batch;
INSERT INTO students (student_id, student_name, course, batch) VALUES ('AAI721','Naveed','Ground','Oscar') ON CONFLICT(student_id) DO UPDATE SET student_name=excluded.student_name, course=excluded.course, batch=excluded.batch;
INSERT INTO students (student_id, student_name, course, batch) VALUES ('AAI713','Sabir','Ground','Oscar') ON CONFLICT(student_id) DO UPDATE SET student_name=excluded.student_name, course=excluded.course, batch=excluded.batch;
INSERT INTO students (student_id, student_name, course, batch) VALUES ('AAI716','Thoukhid','Ground','Oscar') ON CONFLICT(student_id) DO UPDATE SET student_name=excluded.student_name, course=excluded.course, batch=excluded.batch;
INSERT INTO students (student_id, student_name, course, batch) VALUES ('AAI714','Rahil','Ground','Oscar') ON CONFLICT(student_id) DO UPDATE SET student_name=excluded.student_name, course=excluded.course, batch=excluded.batch;
INSERT INTO students (student_id, student_name, course, batch) VALUES ('AAI718','Srinivas','Ground','Oscar') ON CONFLICT(student_id) DO UPDATE SET student_name=excluded.student_name, course=excluded.course, batch=excluded.batch;
INSERT INTO students (student_id, student_name, course, batch) VALUES ('AAI709','Sushanth Kumar','Ground','Oscar') ON CONFLICT(student_id) DO UPDATE SET student_name=excluded.student_name, course=excluded.course, batch=excluded.batch;
INSERT INTO students (student_id, student_name, course, batch) VALUES ('AAI705','Faraz Pasha','Ground','Oscar') ON CONFLICT(student_id) DO UPDATE SET student_name=excluded.student_name, course=excluded.course, batch=excluded.batch;
INSERT INTO students (student_id, student_name, course, batch) VALUES ('AAI711','Glen Tony','Ground','Oscar') ON CONFLICT(student_id) DO UPDATE SET student_name=excluded.student_name, course=excluded.course, batch=excluded.batch;
INSERT INTO students (student_id, student_name, course, batch) VALUES ('AAI726','Lokesh','Ground','Papa') ON CONFLICT(student_id) DO UPDATE SET student_name=excluded.student_name, course=excluded.course, batch=excluded.batch;
INSERT INTO students (student_id, student_name, course, batch) VALUES ('AAI725','Sai Krishna','Ground','Papa') ON CONFLICT(student_id) DO UPDATE SET student_name=excluded.student_name, course=excluded.course, batch=excluded.batch;
INSERT INTO students (student_id, student_name, course, batch) VALUES ('AAI727','Rahul','Ground','Papa') ON CONFLICT(student_id) DO UPDATE SET student_name=excluded.student_name, course=excluded.course, batch=excluded.batch;
INSERT INTO students (student_id, student_name, course, batch) VALUES ('AAI724','Adnan Khan','Ground','Papa') ON CONFLICT(student_id) DO UPDATE SET student_name=excluded.student_name, course=excluded.course, batch=excluded.batch;
INSERT INTO students (student_id, student_name, course, batch) VALUES ('AAI723','Siva Manasa','Ground','Papa') ON CONFLICT(student_id) DO UPDATE SET student_name=excluded.student_name, course=excluded.course, batch=excluded.batch;
INSERT INTO students (student_id, student_name, course, batch) VALUES ('AAI729','Kirubhakaran. P','Ground','Papa') ON CONFLICT(student_id) DO UPDATE SET student_name=excluded.student_name, course=excluded.course, batch=excluded.batch;
INSERT INTO students (student_id, student_name, course, batch) VALUES ('AAI717','Ali Syed BS','Ground','Papa') ON CONFLICT(student_id) DO UPDATE SET student_name=excluded.student_name, course=excluded.course, batch=excluded.batch;
INSERT OR IGNORE INTO attendance (student_id, student_name, course, batch, date, attendance_status, remarks) VALUES ('AAI','Neti Teja','Ground','Mike','2026-01-22','A','');
INSERT OR IGNORE INTO attendance (student_id, student_name, course, batch, date, attendance_status, remarks) VALUES ('AAI708','Bhuvan','Ground','Mike','2026-01-22','A','');
INSERT OR IGNORE INTO attendance (student_id, student_name, course, batch, date, attendance_status, remarks) VALUES ('AAI','Kayva Shree','Ground','Mike','2026-01-22','A','');
INSERT OR IGNORE INTO attendance (student_id, student_name, course, batch, date, attendance_status, remarks) VALUES ('AAI692','Naveen. K','Ground','November','2026-01-22','A','');
INSERT OR IGNORE INTO attendance (student_id, student_name, course, batch, date, attendance_status, remarks) VALUES ('AAI694','Nongrim Bashkem','Ground','November','2026-01-22','P','');
INSERT OR IGNORE INTO attendance (student_id, student_name, course, batch, date, attendance_status, remarks) VALUES ('AAI693','Shaibalin Basaiawmoti','Ground','November','2026-01-22','A','');
INSERT OR IGNORE INTO attendance (student_id, student_name, course, batch, date, attendance_status, remarks) VALUES ('AAI702','Madhurima','Ground','November','2026-01-22','P','');
INSERT OR IGNORE INTO attendance (student_id, student_name, course, batch, date, attendance_status, remarks) VALUES ('AAI696','Jyoshna','Ground','November','2026-01-22','A','');
INSERT OR IGNORE INTO attendance (student_id, student_name, course, batch, date, attendance_status, remarks) VALUES ('AAI700','Karan','Ground','November','2026-01-22','P','');
INSERT OR IGNORE INTO attendance (student_id, student_name, course, batch, date, attendance_status, remarks) VALUES ('AAI690','Bhavitha','Ground','November','2026-01-22','A','');
INSERT OR IGNORE INTO attendance (student_id, student_name, course, batch, date, attendance_status, remarks) VALUES ('AAI712','Soundarya','Ground','Oscar','2026-01-22','A','');
INSERT OR IGNORE INTO attendance (student_id, student_name, course, batch, date, attendance_status, remarks) VALUES ('AAI710','Shaheena','Ground','Oscar','2026-01-22','A','');
INSERT OR IGNORE INTO attendance (student_id, student_name, course, batch, date, attendance_status, remarks) VALUES ('AAI722','Bhanu Prakash','Ground','Oscar','2026-01-22','A','');
INSERT OR IGNORE INTO attendance (student_id, student_name, course, batch, date, attendance_status, remarks) VALUES ('AAI721','Naveed','Ground','Oscar','2026-01-22','A','');
INSERT OR IGNORE INTO attendance (student_id, student_name, course, batch, date, attendance_status, remarks) VALUES ('AAI713','Sabir','Ground','Oscar','2026-01-22','P','');
INSERT OR IGNORE INTO attendance (student_id, student_name, course, batch, date, attendance_status, remarks) VALUES ('AAI716','Thoukhid','Ground','Oscar','2026-01-22','A','');
INSERT OR IGNORE INTO attendance (student_id, student_name, course, batch, date, attendance_status, remarks) VALUES ('AAI714','Rahil','Ground','Oscar','2026-01-22','A','');
INSERT OR IGNORE INTO attendance (student_id, student_name, course, batch, date, attendance_status, remarks) VALUES ('AAI718','Srinivas','Ground','Oscar','2026-01-22','A','');
INSERT OR IGNORE INTO attendance (student_id, student_name, course, batch, date, attendance_status, remarks) VALUES ('AAI709','Sushanth Kumar','Ground','Oscar','2026-01-22','A','');
INSERT OR IGNORE INTO attendance (student_id, student_name, course, batch, date, attendance_status, remarks) VALUES ('AAI705','Faraz Pasha','Ground','Oscar','2026-01-22','P','');
INSERT OR IGNORE INTO attendance (student_id, student_name, course, batch, date, attendance_status, remarks) VALUES ('AAI711','Glen Tony','Ground','Oscar','2026-01-22','P','');
INSERT OR IGNORE INTO attendance (student_id, student_name, course, batch, date, attendance_status, remarks) VALUES ('AAI726','Lokesh','Ground','Papa','2026-01-22','P','');
INSERT OR IGNORE INTO attendance (student_id, student_name, course, batch, date, attendance_status, remarks) VALUES ('AAI','Mahalakshmi','Ground','Papa','2026-01-22','A','');
INSERT OR IGNORE INTO attendance (student_id, student_name, course, batch, date, attendance_status, remarks) VALUES ('AAI','Alice','Ground','Papa','2026-01-22','P','');
INSERT OR IGNORE INTO attendance (student_id, student_name, course, batch, date, attendance_status, remarks) VALUES ('AAI725','Sai Krishna','Ground','Papa','2026-01-22','A','');
INSERT OR IGNORE INTO attendance (student_id, student_name, course, batch, date, attendance_status, remarks) VALUES ('AAI727','Rahul','Ground','Papa','2026-01-22','A','');
INSERT OR IGNORE INTO attendance (student_id, student_name, course, batch, date, attendance_status, remarks) VALUES ('AAI724','Adnan Khan','Ground','Papa','2026-01-22','P','');
INSERT OR IGNORE INTO attendance (student_id, student_name, course, batch, date, attendance_status, remarks) VALUES ('AAI723','Siva Manasa','Ground','Papa','2026-01-22','A','');
INSERT OR IGNORE INTO attendance (student_id, student_name, course, batch, date, attendance_status, remarks) VALUES ('AAI729','Kirubhakaran. P','Ground','Papa','2026-01-22','P','');
INSERT OR IGNORE INTO attendance (student_id, student_name, course, batch, date, attendance_status, remarks) VALUES ('AAI','Vishnu Vardhan','Ground','Papa','2026-01-22','P','');
INSERT OR IGNORE INTO attendance (student_id, student_name, course, batch, date, attendance_status, remarks) VALUES ('AAI717','Ali Syed BS','Ground','Papa','2026-01-22','A','');
INSERT OR IGNORE INTO attendance (student_id, student_name, course, batch, date, attendance_status, remarks) VALUES ('AAI','Neti Teja','Ground','Mike','2026-01-23','A','');
INSERT OR IGNORE INTO attendance (student_id, student_name, course, batch, date, attendance_status, remarks) VALUES ('AAI708','Bhuvan','Ground','Mike','2026-01-23','A','');
INSERT OR IGNORE INTO attendance (student_id, student_name, course, batch, date, attendance_status, remarks) VALUES ('AAI','Kayva Shree','Ground','Mike','2026-01-23','A','');
INSERT OR IGNORE INTO attendance (student_id, student_name, course, batch, date, attendance_status, remarks) VALUES ('AAI692','Naveen. K','Ground','November','2026-01-23','A','');
INSERT OR IGNORE INTO attendance (student_id, student_name, course, batch, date, attendance_status, remarks) VALUES ('AAI694','Nongrim Bashkem','Ground','November','2026-01-23','P','');
INSERT OR IGNORE INTO attendance (student_id, student_name, course, batch, date, attendance_status, remarks) VALUES ('AAI693','Shaibalin Basaiawmoti','Ground','November','2026-01-23','A','');
INSERT OR IGNORE INTO attendance (student_id, student_name, course, batch, date, attendance_status, remarks) VALUES ('AAI702','Madhurima','Ground','November','2026-01-23','A','');
INSERT OR IGNORE INTO attendance (student_id, student_name, course, batch, date, attendance_status, remarks) VALUES ('AAI696','Jyoshna','Ground','November','2026-01-23','A','');
INSERT OR IGNORE INTO attendance (student_id, student_name, course, batch, date, attendance_status, remarks) VALUES ('AAI700','Karan','Ground','November','2026-01-23','A','');
INSERT OR IGNORE INTO attendance (student_id, student_name, course, batch, date, attendance_status, remarks) VALUES ('AAI690','Bhavitha','Ground','November','2026-01-23','A','');
INSERT OR IGNORE INTO attendance (student_id, student_name, course, batch, date, attendance_status, remarks) VALUES ('AAI712','Soundarya','Ground','Oscar','2026-01-23','A','');
INSERT OR IGNORE INTO attendance (student_id, student_name, course, batch, date, attendance_status, remarks) VALUES ('AAI710','Shaheena','Ground','Oscar','2026-01-23','A','');
INSERT OR IGNORE INTO attendance (student_id, student_name, course, batch, date, attendance_status, remarks) VALUES ('AAI722','Bhanu Prakash','Ground','Oscar','2026-01-23','A','');
INSERT OR IGNORE INTO attendance (student_id, student_name, course, batch, date, attendance_status, remarks) VALUES ('AAI721','Naveed','Ground','Oscar','2026-01-23','A','');
INSERT OR IGNORE INTO attendance (student_id, student_name, course, batch, date, attendance_status, remarks) VALUES ('AAI713','Sabir','Ground','Oscar','2026-01-23','P','');
INSERT OR IGNORE INTO attendance (student_id, student_name, course, batch, date, attendance_status, remarks) VALUES ('AAI716','Thoukhid','Ground','Oscar','2026-01-23','A','');
INSERT OR IGNORE INTO attendance (student_id, student_name, course, batch, date, attendance_status, remarks) VALUES ('AAI714','Rahil','Ground','Oscar','2026-01-23','A','');
INSERT OR IGNORE INTO attendance (student_id, student_name, course, batch, date, attendance_status, remarks) VALUES ('AAI718','Srinivas','Ground','Oscar','2026-01-23','A','');
INSERT OR IGNORE INTO attendance (student_id, student_name, course, batch, date, attendance_status, remarks) VALUES ('AAI709','Sushanth Kumar','Ground','Oscar','2026-01-23','A','');
INSERT OR IGNORE INTO attendance (student_id, student_name, course, batch, date, attendance_status, remarks) VALUES ('AAI705','Faraz Pasha','Ground','Oscar','2026-01-23','P','');
INSERT OR IGNORE INTO attendance (student_id, student_name, course, batch, date, attendance_status, remarks) VALUES ('AAI711','Glen Tony','Ground','Oscar','2026-01-23','A','');
INSERT OR IGNORE INTO attendance (student_id, student_name, course, batch, date, attendance_status, remarks) VALUES ('AAI726','Lokesh','Ground','Papa','2026-01-23','P','');
INSERT OR IGNORE INTO attendance (student_id, student_name, course, batch, date, attendance_status, remarks) VALUES ('AAI','Mahalakshmi','Ground','Papa','2026-01-23','A','');
INSERT OR IGNORE INTO attendance (student_id, student_name, course, batch, date, attendance_status, remarks) VALUES ('AAI','Alice','Ground','Papa','2026-01-23','A','');
INSERT OR IGNORE INTO attendance (student_id, student_name, course, batch, date, attendance_status, remarks) VALUES ('AAI725','Sai Krishna','Ground','Papa','2026-01-23','A','');
INSERT OR IGNORE INTO attendance (student_id, student_name, course, batch, date, attendance_status, remarks) VALUES ('AAI727','Rahul','Ground','Papa','2026-01-23','A','');
INSERT OR IGNORE INTO attendance (student_id, student_name, course, batch, date, attendance_status, remarks) VALUES ('AAI724','Adnan Khan','Ground','Papa','2026-01-23','P','');
INSERT OR IGNORE INTO attendance (student_id, student_name, course, batch, date, attendance_status, remarks) VALUES ('AAI723','Siva Manasa','Ground','Papa','2026-01-23','A','');
INSERT OR IGNORE INTO attendance (student_id, student_name, course, batch, date, attendance_status, remarks) VALUES ('AAI729','Kirubhakaran. P','Ground','Papa','2026-01-23','P','');
INSERT OR IGNORE INTO attendance (student_id, student_name, course, batch, date, attendance_status, remarks) VALUES ('AAI','Vishnu Vardhan','Ground','Papa','2026-01-23','P','');
INSERT OR IGNORE INTO attendance (student_id, student_name, course, batch, date, attendance_status, remarks) VALUES ('AAI717','Ali Syed BS','Ground','Papa','2026-01-23','A','');
INSERT OR IGNORE INTO attendance (student_id, student_name, course, batch, date, attendance_status, remarks) VALUES ('AAI','Neti Teja','Ground','Mike','2026-01-27','P','');
INSERT OR IGNORE INTO attendance (student_id, student_name, course, batch, date, attendance_status, remarks) VALUES ('AAI708','Bhuvan','Ground','Mike','2026-01-27','A','');
INSERT OR IGNORE INTO attendance (student_id, student_name, course, batch, date, attendance_status, remarks) VALUES ('AAI','Kayva Shree','Ground','Mike','2026-01-27','A','');
INSERT OR IGNORE INTO attendance (student_id, student_name, course, batch, date, attendance_status, remarks) VALUES ('AAI692','Naveen. K','Ground','November','2026-01-27','A','');
INSERT OR IGNORE INTO attendance (student_id, student_name, course, batch, date, attendance_status, remarks) VALUES ('AAI694','Nongrim Bashkem','Ground','November','2026-01-27','A','');
INSERT OR IGNORE INTO attendance (student_id, student_name, course, batch, date, attendance_status, remarks) VALUES ('AAI693','Shaibalin Basaiawmoti','Ground','November','2026-01-27','A','');
INSERT OR IGNORE INTO attendance (student_id, student_name, course, batch, date, attendance_status, remarks) VALUES ('AAI702','Madhurima','Ground','November','2026-01-27','A','');
INSERT OR IGNORE INTO attendance (student_id, student_name, course, batch, date, attendance_status, remarks) VALUES ('AAI696','Jyoshna','Ground','November','2026-01-27','A','');
INSERT OR IGNORE INTO attendance (student_id, student_name, course, batch, date, attendance_status, remarks) VALUES ('AAI700','Karan','Ground','November','2026-01-27','P','');
INSERT OR IGNORE INTO attendance (student_id, student_name, course, batch, date, attendance_status, remarks) VALUES ('AAI690','Bhavitha','Ground','November','2026-01-27','A','');
INSERT OR IGNORE INTO attendance (student_id, student_name, course, batch, date, attendance_status, remarks) VALUES ('AAI712','Soundarya','Ground','Oscar','2026-01-27','A','');
INSERT OR IGNORE INTO attendance (student_id, student_name, course, batch, date, attendance_status, remarks) VALUES ('AAI710','Shaheena','Ground','Oscar','2026-01-27','A','');
INSERT OR IGNORE INTO attendance (student_id, student_name, course, batch, date, attendance_status, remarks) VALUES ('AAI722','Bhanu Prakash','Ground','Oscar','2026-01-27','A','');
INSERT OR IGNORE INTO attendance (student_id, student_name, course, batch, date, attendance_status, remarks) VALUES ('AAI721','Naveed','Ground','Oscar','2026-01-27','A','');
INSERT OR IGNORE INTO attendance (student_id, student_name, course, batch, date, attendance_status, remarks) VALUES ('AAI713','Sabir','Ground','Oscar','2026-01-27','P','');
INSERT OR IGNORE INTO attendance (student_id, student_name, course, batch, date, attendance_status, remarks) VALUES ('AAI716','Thoukhid','Ground','Oscar','2026-01-27','P','');
INSERT OR IGNORE INTO attendance (student_id, student_name, course, batch, date, attendance_status, remarks) VALUES ('AAI714','Rahil','Ground','Oscar','2026-01-27','A','');
INSERT OR IGNORE INTO attendance (student_id, student_name, course, batch, date, attendance_status, remarks) VALUES ('AAI718','Srinivas','Ground','Oscar','2026-01-27','P','');
INSERT OR IGNORE INTO attendance (student_id, student_name, course, batch, date, attendance_status, remarks) VALUES ('AAI709','Sushanth Kumar','Ground','Oscar','2026-01-27','A','');
INSERT OR IGNORE INTO attendance (student_id, student_name, course, batch, date, attendance_status, remarks) VALUES ('AAI705','Faraz Pasha','Ground','Oscar','2026-01-27','P','');
INSERT OR IGNORE INTO attendance (student_id, student_name, course, batch, date, attendance_status, remarks) VALUES ('AAI711','Glen Tony','Ground','Oscar','2026-01-27','A','');
INSERT OR IGNORE INTO attendance (student_id, student_name, course, batch, date, attendance_status, remarks) VALUES ('AAI726','Lokesh','Ground','Papa','2026-01-27','P','');
INSERT OR IGNORE INTO attendance (student_id, student_name, course, batch, date, attendance_status, remarks) VALUES ('AAI','Mahalakshmi','Ground','Papa','2026-01-27','A','');
INSERT OR IGNORE INTO attendance (student_id, student_name, course, batch, date, attendance_status, remarks) VALUES ('AAI','Alice','Ground','Papa','2026-01-27','A','');
INSERT OR IGNORE INTO attendance (student_id, student_name, course, batch, date, attendance_status, remarks) VALUES ('AAI725','Sai Krishna','Ground','Papa','2026-01-27','P','');
INSERT OR IGNORE INTO attendance (student_id, student_name, course, batch, date, attendance_status, remarks) VALUES ('AAI727','Rahul','Ground','Papa','2026-01-27','P','');
INSERT OR IGNORE INTO attendance (student_id, student_name, course, batch, date, attendance_status, remarks) VALUES ('AAI724','Adnan Khan','Ground','Papa','2026-01-27','P','');
INSERT OR IGNORE INTO attendance (student_id, student_name, course, batch, date, attendance_status, remarks) VALUES ('AAI723','Siva Manasa','Ground','Papa','2026-01-27','A','');
INSERT OR IGNORE INTO attendance (student_id, student_name, course, batch, date, attendance_status, remarks) VALUES ('AAI729','Kirubhakaran. P','Ground','Papa','2026-01-27','P','');
INSERT OR IGNORE INTO attendance (student_id, student_name, course, batch, date, attendance_status, remarks) VALUES ('AAI','Vishnu Vardhan','Ground','Papa','2026-01-27','A','');
INSERT OR IGNORE INTO attendance (student_id, student_name, course, batch, date, attendance_status, remarks) VALUES ('AAI717','Ali Syed BS','Ground','Papa','2026-01-27','A','');
INSERT OR IGNORE INTO attendance (student_id, student_name, course, batch, date, attendance_status, remarks) VALUES ('AAI','Neti Teja','Ground','Mike','2026-01-28','A','');
INSERT OR IGNORE INTO attendance (student_id, student_name, course, batch, date, attendance_status, remarks) VALUES ('AAI708','Bhuvan','Ground','Mike','2026-01-28','A','');
INSERT OR IGNORE INTO attendance (student_id, student_name, course, batch, date, attendance_status, remarks) VALUES ('AAI','Kayva Shree','Ground','Mike','2026-01-28','P','');
INSERT OR IGNORE INTO attendance (student_id, student_name, course, batch, date, attendance_status, remarks) VALUES ('AAI692','Naveen. K','Ground','November','2026-01-28','A','');
INSERT OR IGNORE INTO attendance (student_id, student_name, course, batch, date, attendance_status, remarks) VALUES ('AAI694','Nongrim Bashkem','Ground','November','2026-01-28','A','');
INSERT OR IGNORE INTO attendance (student_id, student_name, course, batch, date, attendance_status, remarks) VALUES ('AAI693','Shaibalin Basaiawmoti','Ground','November','2026-01-28','A','');
INSERT OR IGNORE INTO attendance (student_id, student_name, course, batch, date, attendance_status, remarks) VALUES ('AAI702','Madhurima','Ground','November','2026-01-28','A','');
INSERT OR IGNORE INTO attendance (student_id, student_name, course, batch, date, attendance_status, remarks) VALUES ('AAI696','Jyoshna','Ground','November','2026-01-28','A','');
INSERT OR IGNORE INTO attendance (student_id, student_name, course, batch, date, attendance_status, remarks) VALUES ('AAI700','Karan','Ground','November','2026-01-28','A','');
INSERT OR IGNORE INTO attendance (student_id, student_name, course, batch, date, attendance_status, remarks) VALUES ('AAI690','Bhavitha','Ground','November','2026-01-28','A','');
INSERT OR IGNORE INTO attendance (student_id, student_name, course, batch, date, attendance_status, remarks) VALUES ('AAI712','Soundarya','Ground','Oscar','2026-01-28','A','');
INSERT OR IGNORE INTO attendance (student_id, student_name, course, batch, date, attendance_status, remarks) VALUES ('AAI710','Shaheena','Ground','Oscar','2026-01-28','A','');
INSERT OR IGNORE INTO attendance (student_id, student_name, course, batch, date, attendance_status, remarks) VALUES ('AAI722','Bhanu Prakash','Ground','Oscar','2026-01-28','A','');
INSERT OR IGNORE INTO attendance (student_id, student_name, course, batch, date, attendance_status, remarks) VALUES ('AAI721','Naveed','Ground','Oscar','2026-01-28','A','');
INSERT OR IGNORE INTO attendance (student_id, student_name, course, batch, date, attendance_status, remarks) VALUES ('AAI713','Sabir','Ground','Oscar','2026-01-28','P','');
INSERT OR IGNORE INTO attendance (student_id, student_name, course, batch, date, attendance_status, remarks) VALUES ('AAI716','Thoukhid','Ground','Oscar','2026-01-28','P','');
INSERT OR IGNORE INTO attendance (student_id, student_name, course, batch, date, attendance_status, remarks) VALUES ('AAI714','Rahil','Ground','Oscar','2026-01-28','P','INTERVIEW- MGS');
INSERT OR IGNORE INTO attendance (student_id, student_name, course, batch, date, attendance_status, remarks) VALUES ('AAI718','Srinivas','Ground','Oscar','2026-01-28','A','');
INSERT OR IGNORE INTO attendance (student_id, student_name, course, batch, date, attendance_status, remarks) VALUES ('AAI709','Sushanth Kumar','Ground','Oscar','2026-01-28','A','');
INSERT OR IGNORE INTO attendance (student_id, student_name, course, batch, date, attendance_status, remarks) VALUES ('AAI705','Faraz Pasha','Ground','Oscar','2026-01-28','A','');
INSERT OR IGNORE INTO attendance (student_id, student_name, course, batch, date, attendance_status, remarks) VALUES ('AAI711','Glen Tony','Ground','Oscar','2026-01-28','P','INTERVIEW- MGS');
INSERT OR IGNORE INTO attendance (student_id, student_name, course, batch, date, attendance_status, remarks) VALUES ('AAI726','Lokesh','Ground','Papa','2026-01-28','A','');
INSERT OR IGNORE INTO attendance (student_id, student_name, course, batch, date, attendance_status, remarks) VALUES ('AAI','Mahalakshmi','Ground','Papa','2026-01-28','A','');
INSERT OR IGNORE INTO attendance (student_id, student_name, course, batch, date, attendance_status, remarks) VALUES ('AAI','Alice','Ground','Papa','2026-01-28','A','');
INSERT OR IGNORE INTO attendance (student_id, student_name, course, batch, date, attendance_status, remarks) VALUES ('AAI725','Sai Krishna','Ground','Papa','2026-01-28','P','');
INSERT OR IGNORE INTO attendance (student_id, student_name, course, batch, date, attendance_status, remarks) VALUES ('AAI727','Rahul','Ground','Papa','2026-01-28','P','');
INSERT OR IGNORE INTO attendance (student_id, student_name, course, batch, date, attendance_status, remarks) VALUES ('AAI724','Adnan Khan','Ground','Papa','2026-01-28','P','INTERVIEW- MGS');
INSERT OR IGNORE INTO attendance (student_id, student_name, course, batch, date, attendance_status, remarks) VALUES ('AAI723','Siva Manasa','Ground','Papa','2026-01-28','A','');
INSERT OR IGNORE INTO attendance (student_id, student_name, course, batch, date, attendance_status, remarks) VALUES ('AAI729','Kirubhakaran. P','Ground','Papa','2026-01-28','A','');
INSERT OR IGNORE INTO attendance (student_id, student_name, course, batch, date, attendance_status, remarks) VALUES ('AAI','Vishnu Vardhan','Ground','Papa','2026-01-28','P','');
INSERT OR IGNORE INTO attendance (student_id, student_name, course, batch, date, attendance_status, remarks) VALUES ('AAI717','Ali Syed BS','Ground','Papa','2026-01-28','A','');
INSERT INTO credentials (username,password,role) VALUES ('superuser','qwerty','superuser') ON CONFLICT(username) DO UPDATE SET password=excluded.password, role=excluded.role;
INSERT INTO credentials (username,password,role) VALUES ('AAI690','61819379','student') ON CONFLICT(username) DO UPDATE SET password=excluded.password, role=excluded.role;
INSERT INTO credentials (username,password,role) VALUES ('AAI692','27257435','student') ON CONFLICT(username) DO UPDATE SET password=excluded.password, role=excluded.role;
INSERT INTO credentials (username,password,role) VALUES ('AAI693','68765126','student') ON CONFLICT(username) DO UPDATE SET password=excluded.password, role=excluded.role;
INSERT INTO credentials (username,password,role) VALUES ('AAI694','92079303','student') ON CONFLICT(username) DO UPDATE SET password=excluded.password, role=excluded.role;
INSERT INTO credentials (username,password,role) VALUES ('AAI696','05376568','student') ON CONFLICT(username) DO UPDATE SET password=excluded.password, role=excluded.role;
INSERT INTO credentials (username,password,role) VALUES ('AAI700','81152596','student') ON CONFLICT(username) DO UPDATE SET password=excluded.password, role=excluded.role;
INSERT INTO credentials (username,password,role) VALUES ('AAI702','18858027','student') ON CONFLICT(username) DO UPDATE SET password=excluded.password, role=excluded.role;
INSERT INTO credentials (username,password,role) VALUES ('AAI705','78795782','student') ON CONFLICT(username) DO UPDATE SET password=excluded.password, role=excluded.role;
INSERT INTO credentials (username,password,role) VALUES ('AAI708','19954209','student') ON CONFLICT(username) DO UPDATE SET password=excluded.password, role=excluded.role;
INSERT INTO credentials (username,password,role) VALUES ('AAI709','90403761','student') ON CONFLICT(username) DO UPDATE SET password=excluded.password, role=excluded.role;
INSERT INTO credentials (username,password,role) VALUES ('AAI710','79521321','student') ON CONFLICT(username) DO UPDATE SET password=excluded.password, role=excluded.role;
INSERT INTO credentials (username,password,role) VALUES ('AAI711','55270141','student') ON CONFLICT(username) DO UPDATE SET password=excluded.password, role=excluded.role;
INSERT INTO credentials (username,password,role) VALUES ('AAI712','07677928','student') ON CONFLICT(username) DO UPDATE SET password=excluded.password, role=excluded.role;
INSERT INTO credentials (username,password,role) VALUES ('AAI713','56801010','student') ON CONFLICT(username) DO UPDATE SET password=excluded.password, role=excluded.role;
INSERT INTO credentials (username,password,role) VALUES ('AAI714','94614175','student') ON CONFLICT(username) DO UPDATE SET password=excluded.password, role=excluded.role;
INSERT INTO credentials (username,password,role) VALUES ('AAI716','98232578','student') ON CONFLICT(username) DO UPDATE SET password=excluded.password, role=excluded.role;
INSERT INTO credentials (username,password,role) VALUES ('AAI717','38367657','student') ON CONFLICT(username) DO UPDATE SET password=excluded.password, role=excluded.role;
INSERT INTO credentials (username,password,role) VALUES ('AAI718','40279242','student') ON CONFLICT(username) DO UPDATE SET password=excluded.password, role=excluded.role;
INSERT INTO credentials (username,password,role) VALUES ('AAI721','89467207','student') ON CONFLICT(username) DO UPDATE SET password=excluded.password, role=excluded.role;
INSERT INTO credentials (username,password,role) VALUES ('AAI722','34437274','student') ON CONFLICT(username) DO UPDATE SET password=excluded.password, role=excluded.role;
INSERT INTO credentials (username,password,role) VALUES ('AAI723','47413825','student') ON CONFLICT(username) DO UPDATE SET password=excluded.password, role=excluded.role;
INSERT INTO credentials (username,password,role) VALUES ('AAI724','93118104','student') ON CONFLICT(username) DO UPDATE SET password=excluded.password, role=excluded.role;
INSERT INTO credentials (username,password,role) VALUES ('AAI725','24891241','student') ON CONFLICT(username) DO UPDATE SET password=excluded.password, role=excluded.role;
INSERT INTO credentials (username,password,role) VALUES ('AAI726','15709296','student') ON CONFLICT(username) DO UPDATE SET password=excluded.password, role=excluded.role;
INSERT INTO credentials (username,password,role) VALUES ('AAI727','80074132','student') ON CONFLICT(username) DO UPDATE SET password=excluded.password, role=excluded.role;
INSERT INTO credentials (username,password,role) VALUES ('AAI729','68093670','student') ON CONFLICT(username) DO UPDATE SET password=excluded.password, role=excluded.role;
PRAGMA foreign_keys = ON;